timeStamp,elapsed,label,responseCode,responseMessage,threadName,dataType,success,failureMessage,bytes,sentBytes,grpThreads,allThreads,URL,Latency,IdleTime,Connect
1639640024206,82,Request 1.1,200,OK,Thread Group 1-1,text,true,,161,151,1,1,http://162.55.220.72:5005/get_method?name=Roman&age=29,82,0,40
1639640024289,83,Request 1.2,200,OK,Thread Group 1-1,text,true,,380,247,1,1,http://162.55.220.72:5005/user_info_2,82,0,40
1639640024372,84, Request 1.3,200,OK,Thread Group 1-1,text,true,,261,247,2,2,http://162.55.220.72:5005/user_info_3,84,0,41
1639640024400,82,Request 1.1,200,OK,Thread Group 1-2,text,true,,161,151,2,2,http://162.55.220.72:5005/get_method?name=Roman&age=29,82,0,40
1639640024457,81, Request 1.4,200,OK,Thread Group 1-1,text,true,,211,164,2,2,http://162.55.220.72:5005/object_info_1?name=Roman&age=29&weight=92,81,0,40
1639640024483,80,Request 1.2,200,OK,Thread Group 1-2,text,true,,380,247,2,2,http://162.55.220.72:5005/user_info_2,79,0,38
1639640024538,82, Request 1.5,200,OK,Thread Group 1-1,text,true,,380,165,3,3,http://162.55.220.72:5005/object_info_2?name=Roman&age=29&salary=400,82,0,40
1639640024563,84, Request 1.3,200,OK,Thread Group 1-2,text,true,,261,247,3,3,http://162.55.220.72:5005/user_info_3,84,0,41
1639640024599,78,Request 1.1,200,OK,Thread Group 1-3,text,true,,161,151,3,3,http://162.55.220.72:5005/get_method?name=Roman&age=29,78,0,38
1639640024620,77, Request 1.6,200,OK,Thread Group 1-1,text,true,,331,165,3,3,http://162.55.220.72:5005/object_info_3?name=Roman&age=29&salary=400,77,0,38
1639640024648,90, Request 1.4,200,OK,Thread Group 1-2,text,true,,211,164,3,3,http://162.55.220.72:5005/object_info_1?name=Roman&age=29&weight=92,90,0,39
1639640024678,90,Request 1.2,200,OK,Thread Group 1-3,text,true,,380,247,3,3,http://162.55.220.72:5005/user_info_2,90,0,48
1639640024698,85, Request 1.7,200,OK,Thread Group 1-1,text,true,,200,165,3,3,http://162.55.220.72:5005/object_info_4?name=Roman&age=29&salary=400,85,0,40
1639640024739,80, Request 1.5,200,OK,Thread Group 1-2,text,true,,380,165,4,4,http://162.55.220.72:5005/object_info_2?name=Roman&age=29&salary=400,80,0,39
1639640024768,81, Request 1.3,200,OK,Thread Group 1-3,text,true,,261,247,4,4,http://162.55.220.72:5005/user_info_3,81,0,40
1639640024783,88,Request 1.1,200,OK,Thread Group 1-1,text,true,,161,151,4,4,http://162.55.220.72:5005/get_method?name=Roman&age=29,88,0,44
1639640024798,82,Request 1.1,200,OK,Thread Group 1-4,text,true,,161,151,4,4,http://162.55.220.72:5005/get_method?name=Roman&age=29,82,0,40
1639640024820,82, Request 1.6,200,OK,Thread Group 1-2,text,true,,331,165,4,4,http://162.55.220.72:5005/object_info_3?name=Roman&age=29&salary=400,82,0,39
1639640024850,80, Request 1.4,200,OK,Thread Group 1-3,text,true,,211,164,4,4,http://162.55.220.72:5005/object_info_1?name=Roman&age=29&weight=92,80,0,39
1639640024871,81,Request 1.2,200,OK,Thread Group 1-1,text,true,,380,247,4,4,http://162.55.220.72:5005/user_info_2,81,0,40
1639640024881,80,Request 1.2,200,OK,Thread Group 1-4,text,true,,380,247,4,4,http://162.55.220.72:5005/user_info_2,80,0,39
1639640024902,76, Request 1.7,200,OK,Thread Group 1-2,text,true,,200,165,4,4,http://162.55.220.72:5005/object_info_4?name=Roman&age=29&salary=400,76,0,37
1639640024930,80, Request 1.5,200,OK,Thread Group 1-3,text,true,,380,165,5,5,http://162.55.220.72:5005/object_info_2?name=Roman&age=29&salary=400,80,0,39
1639640024952,83, Request 1.3,200,OK,Thread Group 1-1,text,true,,261,247,5,5,http://162.55.220.72:5005/user_info_3,83,0,40
1639640024961,76, Request 1.3,200,OK,Thread Group 1-4,text,true,,261,247,5,5,http://162.55.220.72:5005/user_info_3,76,0,37
1639640024978,84,Request 1.1,200,OK,Thread Group 1-2,text,true,,161,151,5,5,http://162.55.220.72:5005/get_method?name=Roman&age=29,84,0,41
1639640024988,82,Request 1.1,200,OK,Thread Group 1-5,text,true,,161,151,5,5,http://162.55.220.72:5005/get_method?name=Roman&age=29,82,0,40
1639640025010,79, Request 1.6,200,OK,Thread Group 1-3,text,true,,331,165,5,5,http://162.55.220.72:5005/object_info_3?name=Roman&age=29&salary=400,79,0,37
1639640025035,83, Request 1.4,200,OK,Thread Group 1-1,text,true,,211,164,5,5,http://162.55.220.72:5005/object_info_1?name=Roman&age=29&weight=92,83,0,41
1639640025037,83, Request 1.4,200,OK,Thread Group 1-4,text,true,,211,164,5,5,http://162.55.220.72:5005/object_info_1?name=Roman&age=29&weight=92,83,0,39
1639640025063,79,Request 1.2,200,OK,Thread Group 1-2,text,true,,380,247,5,5,http://162.55.220.72:5005/user_info_2,78,0,37
1639640025071,82,Request 1.2,200,OK,Thread Group 1-5,text,true,,380,247,5,5,http://162.55.220.72:5005/user_info_2,82,0,41
1639640025090,77, Request 1.7,200,OK,Thread Group 1-3,text,true,,200,165,5,5,http://162.55.220.72:5005/object_info_4?name=Roman&age=29&salary=400,77,0,37
1639640025119,82, Request 1.5,200,OK,Thread Group 1-1,text,true,,380,165,6,6,http://162.55.220.72:5005/object_info_2?name=Roman&age=29&salary=400,82,0,40
1639640025121,82, Request 1.5,200,OK,Thread Group 1-4,text,true,,380,165,6,6,http://162.55.220.72:5005/object_info_2?name=Roman&age=29&salary=400,82,0,39
1639640025142,82, Request 1.3,200,OK,Thread Group 1-2,text,true,,261,247,6,6,http://162.55.220.72:5005/user_info_3,82,0,40
1639640025154,80, Request 1.3,200,OK,Thread Group 1-5,text,true,,261,247,6,6,http://162.55.220.72:5005/user_info_3,80,0,39
1639640025167,80,Request 1.1,200,OK,Thread Group 1-3,text,true,,161,151,6,6,http://162.55.220.72:5005/get_method?name=Roman&age=29,80,0,39
1639640025188,84,Request 1.1,200,OK,Thread Group 1-6,text,true,,161,151,6,6,http://162.55.220.72:5005/get_method?name=Roman&age=29,84,0,41
1639640025203,85, Request 1.6,200,OK,Thread Group 1-4,text,true,,331,165,6,6,http://162.55.220.72:5005/object_info_3?name=Roman&age=29&salary=400,85,0,39
1639640025202,87, Request 1.6,200,OK,Thread Group 1-1,text,true,,331,165,6,6,http://162.55.220.72:5005/object_info_3?name=Roman&age=29&salary=400,87,0,40
1639640025225,82, Request 1.4,200,OK,Thread Group 1-2,text,true,,211,164,6,6,http://162.55.220.72:5005/object_info_1?name=Roman&age=29&weight=92,82,0,40
1639640025235,95, Request 1.4,200,OK,Thread Group 1-5,text,true,,211,164,6,6,http://162.55.220.72:5005/object_info_1?name=Roman&age=29&weight=92,95,0,43
1639640025247,91,Request 1.2,200,OK,Thread Group 1-3,text,true,,380,247,6,6,http://162.55.220.72:5005/user_info_2,90,0,40
1639640025272,85,Request 1.2,200,OK,Thread Group 1-6,text,true,,380,247,6,6,http://162.55.220.72:5005/user_info_2,85,0,43
1639640025288,80, Request 1.7,200,OK,Thread Group 1-4,text,true,,200,165,6,6,http://162.55.220.72:5005/object_info_4?name=Roman&age=29&salary=400,80,0,41
1639640025290,88, Request 1.7,200,OK,Thread Group 1-1,text,true,,200,165,6,6,http://162.55.220.72:5005/object_info_4?name=Roman&age=29&salary=400,88,0,47
1639640025307,85, Request 1.5,200,OK,Thread Group 1-2,text,true,,380,165,6,6,http://162.55.220.72:5005/object_info_2?name=Roman&age=29&salary=400,85,0,42
1639640025331,87, Request 1.5,200,OK,Thread Group 1-5,text,true,,380,165,7,7,http://162.55.220.72:5005/object_info_2?name=Roman&age=29&salary=400,87,0,45
1639640025338,88, Request 1.3,200,OK,Thread Group 1-3,text,true,,261,247,7,7,http://162.55.220.72:5005/user_info_3,88,0,39
1639640025357,83, Request 1.3,200,OK,Thread Group 1-6,text,true,,261,247,7,7,http://162.55.220.72:5005/user_info_3,83,0,41
1639640025369,79,Request 1.1,200,OK,Thread Group 1-4,text,true,,161,151,7,7,http://162.55.220.72:5005/get_method?name=Roman&age=29,79,0,39
1639640025378,80,Request 1.1,200,OK,Thread Group 1-1,text,true,,161,151,7,7,http://162.55.220.72:5005/get_method?name=Roman&age=29,80,0,39
1639640025392,80, Request 1.6,200,OK,Thread Group 1-2,text,true,,331,165,7,7,http://162.55.220.72:5005/object_info_3?name=Roman&age=29&salary=400,80,0,39
1639640025398,83,Request 1.1,200,OK,Thread Group 1-7,text,true,,161,151,7,7,http://162.55.220.72:5005/get_method?name=Roman&age=29,83,0,41
1639640025418,81, Request 1.6,200,OK,Thread Group 1-5,text,true,,331,165,7,7,http://162.55.220.72:5005/object_info_3?name=Roman&age=29&salary=400,81,0,39
1639640025426,78, Request 1.4,200,OK,Thread Group 1-3,text,true,,211,164,7,7,http://162.55.220.72:5005/object_info_1?name=Roman&age=29&weight=92,78,0,40
1639640025441,80, Request 1.4,200,OK,Thread Group 1-6,text,true,,211,164,7,7,http://162.55.220.72:5005/object_info_1?name=Roman&age=29&weight=92,80,0,39
1639640025449,82,Request 1.2,200,OK,Thread Group 1-4,text,true,,380,247,7,7,http://162.55.220.72:5005/user_info_2,82,0,40
1639640025459,82,Request 1.2,200,OK,Thread Group 1-1,text,true,,380,247,7,7,http://162.55.220.72:5005/user_info_2,82,0,39
1639640025472,81, Request 1.7,200,OK,Thread Group 1-2,text,true,,200,165,7,7,http://162.55.220.72:5005/object_info_4?name=Roman&age=29&salary=400,81,0,39
1639640025481,92,Request 1.2,200,OK,Thread Group 1-7,text,true,,380,247,7,7,http://162.55.220.72:5005/user_info_2,92,0,47
1639640025499,84, Request 1.7,200,OK,Thread Group 1-5,text,true,,200,165,7,7,http://162.55.220.72:5005/object_info_4?name=Roman&age=29&salary=400,83,0,39
1639640025505,81, Request 1.5,200,OK,Thread Group 1-3,text,true,,380,165,7,7,http://162.55.220.72:5005/object_info_2?name=Roman&age=29&salary=400,81,0,39
1639640025521,82, Request 1.5,200,OK,Thread Group 1-6,text,true,,380,165,8,8,http://162.55.220.72:5005/object_info_2?name=Roman&age=29&salary=400,82,0,40
1639640025531,81, Request 1.3,200,OK,Thread Group 1-4,text,true,,261,247,8,8,http://162.55.220.72:5005/user_info_3,81,0,40
1639640025542,80, Request 1.3,200,OK,Thread Group 1-1,text,true,,261,247,8,8,http://162.55.220.72:5005/user_info_3,80,0,39
1639640025553,81,Request 1.1,200,OK,Thread Group 1-2,text,true,,161,151,8,8,http://162.55.220.72:5005/get_method?name=Roman&age=29,81,0,40
1639640025583,78,Request 1.1,200,OK,Thread Group 1-5,text,true,,161,151,8,8,http://162.55.220.72:5005/get_method?name=Roman&age=29,78,0,37
1639640025573,90, Request 1.3,200,OK,Thread Group 1-7,text,true,,261,247,8,8,http://162.55.220.72:5005/user_info_3,90,0,44
1639640025586,78, Request 1.6,200,OK,Thread Group 1-3,text,true,,331,165,8,8,http://162.55.220.72:5005/object_info_3?name=Roman&age=29&salary=400,78,0,37
1639640025603,81, Request 1.6,200,OK,Thread Group 1-6,text,true,,331,165,8,8,http://162.55.220.72:5005/object_info_3?name=Roman&age=29&salary=400,81,0,37
1639640025598,89,Request 1.1,200,OK,Thread Group 1-8,text,true,,161,151,8,8,http://162.55.220.72:5005/get_method?name=Roman&age=29,89,0,41
1639640025612,83, Request 1.4,200,OK,Thread Group 1-4,text,true,,211,164,8,8,http://162.55.220.72:5005/object_info_1?name=Roman&age=29&weight=92,83,0,40
1639640025622,77, Request 1.4,200,OK,Thread Group 1-1,text,true,,211,164,8,8,http://162.55.220.72:5005/object_info_1?name=Roman&age=29&weight=92,77,0,38
1639640025634,84,Request 1.2,200,OK,Thread Group 1-2,text,true,,380,247,8,8,http://162.55.220.72:5005/user_info_2,84,0,40
1639640025664,79, Request 1.7,200,OK,Thread Group 1-3,text,true,,200,165,8,8,http://162.55.220.72:5005/object_info_4?name=Roman&age=29&salary=400,79,0,38
1639640025662,89,Request 1.2,200,OK,Thread Group 1-5,text,true,,380,247,8,8,http://162.55.220.72:5005/user_info_2,89,0,40
1639640025664,87, Request 1.4,200,OK,Thread Group 1-7,text,true,,211,164,8,8,http://162.55.220.72:5005/object_info_1?name=Roman&age=29&weight=92,87,0,41
1639640025685,84, Request 1.7,200,OK,Thread Group 1-6,text,true,,200,165,8,8,http://162.55.220.72:5005/object_info_4?name=Roman&age=29&salary=400,84,0,42
1639640025688,83,Request 1.2,200,OK,Thread Group 1-8,text,true,,380,247,8,8,http://162.55.220.72:5005/user_info_2,83,0,39
1639640025699,80, Request 1.5,200,OK,Thread Group 1-1,text,true,,380,165,8,8,http://162.55.220.72:5005/object_info_2?name=Roman&age=29&salary=400,79,0,37
1639640025696,86, Request 1.5,200,OK,Thread Group 1-4,text,true,,380,165,8,8,http://162.55.220.72:5005/object_info_2?name=Roman&age=29&salary=400,86,0,40
1639640025718,81, Request 1.3,200,OK,Thread Group 1-2,text,true,,261,247,9,9,http://162.55.220.72:5005/user_info_3,81,0,39
1639640025744,77,Request 1.1,200,OK,Thread Group 1-3,text,true,,161,151,9,9,http://162.55.220.72:5005/get_method?name=Roman&age=29,76,0,36
1639640025752,80, Request 1.5,200,OK,Thread Group 1-7,text,true,,380,165,9,9,http://162.55.220.72:5005/object_info_2?name=Roman&age=29&salary=400,79,0,39
1639640025752,85, Request 1.3,200,OK,Thread Group 1-5,text,true,,261,247,9,9,http://162.55.220.72:5005/user_info_3,85,0,40
1639640025771,81, Request 1.3,200,OK,Thread Group 1-8,text,true,,261,247,9,9,http://162.55.220.72:5005/user_info_3,81,0,39
1639640025769,85,Request 1.1,200,OK,Thread Group 1-6,text,true,,161,151,9,9,http://162.55.220.72:5005/get_method?name=Roman&age=29,85,0,41
1639640025779,82, Request 1.6,200,OK,Thread Group 1-1,text,true,,331,165,9,9,http://162.55.220.72:5005/object_info_3?name=Roman&age=29&salary=400,82,0,40
1639640025782,86, Request 1.6,200,OK,Thread Group 1-4,text,true,,331,165,9,9,http://162.55.220.72:5005/object_info_3?name=Roman&age=29&salary=400,86,0,45
1639640025798,82,Request 1.1,200,OK,Thread Group 1-9,text,true,,161,151,9,9,http://162.55.220.72:5005/get_method?name=Roman&age=29,82,0,39
1639640025800,86, Request 1.4,200,OK,Thread Group 1-2,text,true,,211,164,9,9,http://162.55.220.72:5005/object_info_1?name=Roman&age=29&weight=92,86,0,43
1639640025821,82,Request 1.2,200,OK,Thread Group 1-3,text,true,,380,247,9,9,http://162.55.220.72:5005/user_info_2,82,0,40
1639640025832,82, Request 1.6,200,OK,Thread Group 1-7,text,true,,331,165,9,9,http://162.55.220.72:5005/object_info_3?name=Roman&age=29&salary=400,82,0,39
1639640025838,81, Request 1.4,200,OK,Thread Group 1-5,text,true,,211,164,9,9,http://162.55.220.72:5005/object_info_1?name=Roman&age=29&weight=92,81,0,39
1639640025853,82, Request 1.4,200,OK,Thread Group 1-8,text,true,,211,164,9,9,http://162.55.220.72:5005/object_info_1?name=Roman&age=29&weight=92,82,0,40
1639640025854,82,Request 1.2,200,OK,Thread Group 1-6,text,true,,380,247,9,9,http://162.55.220.72:5005/user_info_2,82,0,39
1639640025861,76, Request 1.7,200,OK,Thread Group 1-1,text,true,,200,165,9,9,http://162.55.220.72:5005/object_info_4?name=Roman&age=29&salary=400,76,0,37
1639640025869,80, Request 1.7,200,OK,Thread Group 1-4,text,true,,200,165,9,9,http://162.55.220.72:5005/object_info_4?name=Roman&age=29&salary=400,80,0,38
1639640025880,77,Request 1.2,200,OK,Thread Group 1-9,text,true,,380,247,9,9,http://162.55.220.72:5005/user_info_2,77,0,37
1639640025886,77, Request 1.5,200,OK,Thread Group 1-2,text,true,,380,165,9,9,http://162.55.220.72:5005/object_info_2?name=Roman&age=29&salary=400,77,0,37
1639640025904,81, Request 1.3,200,OK,Thread Group 1-3,text,true,,261,247,9,9,http://162.55.220.72:5005/user_info_3,81,0,39
1639640025914,87, Request 1.7,200,OK,Thread Group 1-7,text,true,,200,165,10,10,http://162.55.220.72:5005/object_info_4?name=Roman&age=29&salary=400,87,0,43
1639640025920,87, Request 1.5,200,OK,Thread Group 1-5,text,true,,380,165,10,10,http://162.55.220.72:5005/object_info_2?name=Roman&age=29&salary=400,87,0,43
1639640025936,76, Request 1.5,200,OK,Thread Group 1-8,text,true,,380,165,10,10,http://162.55.220.72:5005/object_info_2?name=Roman&age=29&salary=400,76,0,37
1639640025936,78, Request 1.3,200,OK,Thread Group 1-6,text,true,,261,247,10,10,http://162.55.220.72:5005/user_info_3,78,0,38
1639640025937,79,Request 1.1,200,OK,Thread Group 1-1,text,true,,161,151,10,10,http://162.55.220.72:5005/get_method?name=Roman&age=29,79,0,37
1639640025949,82,Request 1.1,200,OK,Thread Group 1-4,text,true,,161,151,10,10,http://162.55.220.72:5005/get_method?name=Roman&age=29,82,0,41
1639640025958,81, Request 1.3,200,OK,Thread Group 1-9,text,true,,261,247,10,10,http://162.55.220.72:5005/user_info_3,81,0,39
1639640025963,87, Request 1.6,200,OK,Thread Group 1-2,text,true,,331,165,10,10,http://162.55.220.72:5005/object_info_3?name=Roman&age=29&salary=400,87,0,44
1639640025985,78, Request 1.4,200,OK,Thread Group 1-3,text,true,,211,164,10,10,http://162.55.220.72:5005/object_info_1?name=Roman&age=29&weight=92,78,0,37
1639640025999,80,Request 1.1,200,OK,Thread Group 1-10,text,true,,161,151,10,10,http://162.55.220.72:5005/get_method?name=Roman&age=29,80,0,39
1639640026001,86,Request 1.1,200,OK,Thread Group 1-7,text,true,,161,151,10,10,http://162.55.220.72:5005/get_method?name=Roman&age=29,86,0,43
1639640026007,86, Request 1.6,200,OK,Thread Group 1-5,text,true,,331,165,10,10,http://162.55.220.72:5005/object_info_3?name=Roman&age=29&salary=400,86,0,39
1639640026014,84, Request 1.4,200,OK,Thread Group 1-6,text,true,,211,164,10,10,http://162.55.220.72:5005/object_info_1?name=Roman&age=29&weight=92,83,0,40
1639640026012,87, Request 1.6,200,OK,Thread Group 1-8,text,true,,331,165,10,10,http://162.55.220.72:5005/object_info_3?name=Roman&age=29&salary=400,87,0,42
1639640026016,85,Request 1.2,200,OK,Thread Group 1-1,text,true,,380,247,10,10,http://162.55.220.72:5005/user_info_2,85,0,38
1639640026031,83,Request 1.2,200,OK,Thread Group 1-4,text,true,,380,247,10,10,http://162.55.220.72:5005/user_info_2,83,0,39
1639640026039,79, Request 1.4,200,OK,Thread Group 1-9,text,true,,211,164,10,10,http://162.55.220.72:5005/object_info_1?name=Roman&age=29&weight=92,79,0,37
1639640026050,84, Request 1.7,200,OK,Thread Group 1-2,text,true,,200,165,10,10,http://162.55.220.72:5005/object_info_4?name=Roman&age=29&salary=400,84,0,43
1639640026063,80, Request 1.5,200,OK,Thread Group 1-3,text,true,,380,165,10,10,http://162.55.220.72:5005/object_info_2?name=Roman&age=29&salary=400,80,0,39
1639640026080,77,Request 1.2,200,OK,Thread Group 1-10,text,true,,380,247,10,10,http://162.55.220.72:5005/user_info_2,77,0,38
1639640026094,78, Request 1.7,200,OK,Thread Group 1-5,text,true,,200,165,10,10,http://162.55.220.72:5005/object_info_4?name=Roman&age=29&salary=400,78,0,37
1639640026087,91,Request 1.2,200,OK,Thread Group 1-7,text,true,,380,247,10,10,http://162.55.220.72:5005/user_info_2,91,0,40
1639640026098,80, Request 1.5,200,OK,Thread Group 1-6,text,true,,380,165,10,10,http://162.55.220.72:5005/object_info_2?name=Roman&age=29&salary=400,80,0,39
1639640026099,81, Request 1.7,200,OK,Thread Group 1-8,text,true,,200,165,10,10,http://162.55.220.72:5005/object_info_4?name=Roman&age=29&salary=400,81,0,39
1639640026101,81, Request 1.3,200,OK,Thread Group 1-1,text,true,,261,247,10,10,http://162.55.220.72:5005/user_info_3,80,0,39
1639640026118,81, Request 1.5,200,OK,Thread Group 1-9,text,true,,380,165,10,10,http://162.55.220.72:5005/object_info_2?name=Roman&age=29&salary=400,81,0,39
1639640026115,91, Request 1.3,200,OK,Thread Group 1-4,text,true,,261,247,10,10,http://162.55.220.72:5005/user_info_3,91,0,40
1639640026134,77,Request 1.1,200,OK,Thread Group 1-2,text,true,,161,151,10,10,http://162.55.220.72:5005/get_method?name=Roman&age=29,76,0,37
1639640026144,80, Request 1.6,200,OK,Thread Group 1-3,text,true,,331,165,10,10,http://162.55.220.72:5005/object_info_3?name=Roman&age=29&salary=400,80,0,38
1639640026157,82, Request 1.3,200,OK,Thread Group 1-10,text,true,,261,247,10,10,http://162.55.220.72:5005/user_info_3,82,0,40
1639640026172,77,Request 1.1,200,OK,Thread Group 1-5,text,true,,161,151,10,10,http://162.55.220.72:5005/get_method?name=Roman&age=29,77,0,37
1639640026178,79, Request 1.3,200,OK,Thread Group 1-7,text,true,,261,247,10,10,http://162.55.220.72:5005/user_info_3,79,0,38
1639640026178,85, Request 1.6,200,OK,Thread Group 1-6,text,true,,331,165,10,10,http://162.55.220.72:5005/object_info_3?name=Roman&age=29&salary=400,85,0,38
1639640026180,83,Request 1.1,200,OK,Thread Group 1-8,text,true,,161,151,10,10,http://162.55.220.72:5005/get_method?name=Roman&age=29,83,0,37
1639640026182,83, Request 1.4,200,OK,Thread Group 1-1,text,true,,211,164,10,10,http://162.55.220.72:5005/object_info_1?name=Roman&age=29&weight=92,83,0,39
1639640026200,75, Request 1.6,200,OK,Thread Group 1-9,text,true,,331,165,10,10,http://162.55.220.72:5005/object_info_3?name=Roman&age=29&salary=400,75,0,36
1639640026206,80, Request 1.4,200,OK,Thread Group 1-4,text,true,,211,164,10,10,http://162.55.220.72:5005/object_info_1?name=Roman&age=29&weight=92,80,0,39
1639640026211,85,Request 1.2,200,OK,Thread Group 1-2,text,true,,380,247,10,10,http://162.55.220.72:5005/user_info_2,85,0,44
1639640026224,82, Request 1.7,200,OK,Thread Group 1-3,text,true,,200,165,10,10,http://162.55.220.72:5005/object_info_4?name=Roman&age=29&salary=400,82,0,40
1639640026239,83, Request 1.4,200,OK,Thread Group 1-10,text,true,,211,164,10,10,http://162.55.220.72:5005/object_info_1?name=Roman&age=29&weight=92,83,0,40
1639640026249,79,Request 1.2,200,OK,Thread Group 1-5,text,true,,380,247,10,10,http://162.55.220.72:5005/user_info_2,79,0,37
1639640026258,81, Request 1.4,200,OK,Thread Group 1-7,text,true,,211,164,10,10,http://162.55.220.72:5005/object_info_1?name=Roman&age=29&weight=92,81,0,39
1639640026263,84,Request 1.2,200,OK,Thread Group 1-8,text,true,,380,247,10,10,http://162.55.220.72:5005/user_info_2,84,0,39
1639640026263,85, Request 1.7,200,OK,Thread Group 1-6,text,true,,200,165,10,10,http://162.55.220.72:5005/object_info_4?name=Roman&age=29&salary=400,85,0,39
1639640026265,85, Request 1.5,200,OK,Thread Group 1-1,text,true,,380,165,10,10,http://162.55.220.72:5005/object_info_2?name=Roman&age=29&salary=400,85,0,39
1639640026275,77, Request 1.7,200,OK,Thread Group 1-9,text,true,,200,165,10,10,http://162.55.220.72:5005/object_info_4?name=Roman&age=29&salary=400,77,0,38
1639640026287,82, Request 1.5,200,OK,Thread Group 1-4,text,true,,380,165,10,10,http://162.55.220.72:5005/object_info_2?name=Roman&age=29&salary=400,82,0,41
1639640026296,80, Request 1.3,200,OK,Thread Group 1-2,text,true,,261,247,10,10,http://162.55.220.72:5005/user_info_3,80,0,38
1639640026307,80,Request 1.1,200,OK,Thread Group 1-3,text,true,,161,151,10,10,http://162.55.220.72:5005/get_method?name=Roman&age=29,80,0,39
1639640026322,87, Request 1.5,200,OK,Thread Group 1-10,text,true,,380,165,10,10,http://162.55.220.72:5005/object_info_2?name=Roman&age=29&salary=400,87,0,44
1639640026328,82, Request 1.3,200,OK,Thread Group 1-5,text,true,,261,247,10,10,http://162.55.220.72:5005/user_info_3,81,0,39
1639640026340,80, Request 1.5,200,OK,Thread Group 1-7,text,true,,380,165,10,10,http://162.55.220.72:5005/object_info_2?name=Roman&age=29&salary=400,80,0,39
1639640026347,83, Request 1.3,200,OK,Thread Group 1-8,text,true,,261,247,10,10,http://162.55.220.72:5005/user_info_3,83,0,39
1639640026348,83,Request 1.1,200,OK,Thread Group 1-6,text,true,,161,151,10,10,http://162.55.220.72:5005/get_method?name=Roman&age=29,83,0,40
1639640026352,82,Request 1.1,200,OK,Thread Group 1-9,text,true,,161,151,10,10,http://162.55.220.72:5005/get_method?name=Roman&age=29,82,0,39
1639640026350,84, Request 1.6,200,OK,Thread Group 1-1,text,true,,331,165,10,10,http://162.55.220.72:5005/object_info_3?name=Roman&age=29&salary=400,84,0,40
1639640026370,75, Request 1.6,200,OK,Thread Group 1-4,text,true,,331,165,10,10,http://162.55.220.72:5005/object_info_3?name=Roman&age=29&salary=400,75,0,37
1639640026376,80, Request 1.4,200,OK,Thread Group 1-2,text,true,,211,164,10,10,http://162.55.220.72:5005/object_info_1?name=Roman&age=29&weight=92,80,0,39
1639640026388,80,Request 1.2,200,OK,Thread Group 1-3,text,true,,380,247,10,10,http://162.55.220.72:5005/user_info_2,80,0,39
1639640026410,80, Request 1.4,200,OK,Thread Group 1-5,text,true,,211,164,10,10,http://162.55.220.72:5005/object_info_1?name=Roman&age=29&weight=92,80,0,39
1639640026409,87, Request 1.6,200,OK,Thread Group 1-10,text,true,,331,165,10,10,http://162.55.220.72:5005/object_info_3?name=Roman&age=29&salary=400,87,0,40
1639640026420,84, Request 1.6,200,OK,Thread Group 1-7,text,true,,331,165,10,10,http://162.55.220.72:5005/object_info_3?name=Roman&age=29&salary=400,84,0,42
1639640026430,84, Request 1.4,200,OK,Thread Group 1-8,text,true,,211,164,10,10,http://162.55.220.72:5005/object_info_1?name=Roman&age=29&weight=92,84,0,42
1639640026434,83,Request 1.2,200,OK,Thread Group 1-9,text,true,,380,247,10,10,http://162.55.220.72:5005/user_info_2,83,0,38
1639640026431,87,Request 1.2,200,OK,Thread Group 1-6,text,true,,380,247,10,10,http://162.55.220.72:5005/user_info_2,87,0,41
1639640026434,87, Request 1.7,200,OK,Thread Group 1-1,text,true,,200,165,10,10,http://162.55.220.72:5005/object_info_4?name=Roman&age=29&salary=400,87,0,40
1639640026446,75, Request 1.7,200,OK,Thread Group 1-4,text,true,,200,165,10,10,http://162.55.220.72:5005/object_info_4?name=Roman&age=29&salary=400,75,0,37
1639640026456,83, Request 1.5,200,OK,Thread Group 1-2,text,true,,380,165,10,10,http://162.55.220.72:5005/object_info_2?name=Roman&age=29&salary=400,83,0,40
1639640026469,77, Request 1.3,200,OK,Thread Group 1-3,text,true,,261,247,10,10,http://162.55.220.72:5005/user_info_3,77,0,37
1639640026490,89, Request 1.5,200,OK,Thread Group 1-5,text,true,,380,165,10,10,http://162.55.220.72:5005/object_info_2?name=Roman&age=29&salary=400,89,0,48
1639640026504,82, Request 1.7,200,OK,Thread Group 1-7,text,true,,200,165,10,10,http://162.55.220.72:5005/object_info_4?name=Roman&age=29&salary=400,82,0,37
1639640026497,89, Request 1.7,200,OK,Thread Group 1-10,text,true,,200,165,10,10,http://162.55.220.72:5005/object_info_4?name=Roman&age=29&salary=400,89,0,41
1639640026514,76, Request 1.5,200,OK,Thread Group 1-8,text,true,,380,165,10,10,http://162.55.220.72:5005/object_info_2?name=Roman&age=29&salary=400,76,0,37
1639640026517,83, Request 1.3,200,OK,Thread Group 1-9,text,true,,261,247,10,10,http://162.55.220.72:5005/user_info_3,83,0,41
1639640026521,83,Request 1.1,200,OK,Thread Group 1-4,text,true,,161,151,10,10,http://162.55.220.72:5005/get_method?name=Roman&age=29,83,0,38
1639640026518,87, Request 1.3,200,OK,Thread Group 1-6,text,true,,261,247,10,10,http://162.55.220.72:5005/user_info_3,87,0,40
1639640026521,85,Request 1.1,200,OK,Thread Group 1-1,text,true,,161,151,10,10,http://162.55.220.72:5005/get_method?name=Roman&age=29,85,0,40
1639640026539,81, Request 1.6,200,OK,Thread Group 1-2,text,true,,331,165,10,10,http://162.55.220.72:5005/object_info_3?name=Roman&age=29&salary=400,81,0,39
1639640026546,84, Request 1.4,200,OK,Thread Group 1-3,text,true,,211,164,10,10,http://162.55.220.72:5005/object_info_1?name=Roman&age=29&weight=92,83,0,40
1639640026580,81, Request 1.6,200,OK,Thread Group 1-5,text,true,,331,165,10,10,http://162.55.220.72:5005/object_info_3?name=Roman&age=29&salary=400,81,0,38
1639640026586,81,Request 1.1,200,OK,Thread Group 1-7,text,true,,161,151,10,10,http://162.55.220.72:5005/get_method?name=Roman&age=29,81,0,40
1639640026590,80, Request 1.6,200,OK,Thread Group 1-8,text,true,,331,165,10,10,http://162.55.220.72:5005/object_info_3?name=Roman&age=29&salary=400,80,0,37
1639640026586,84,Request 1.1,200,OK,Thread Group 1-10,text,true,,161,151,10,10,http://162.55.220.72:5005/get_method?name=Roman&age=29,84,0,40
1639640026601,80, Request 1.4,200,OK,Thread Group 1-9,text,true,,211,164,10,10,http://162.55.220.72:5005/object_info_1?name=Roman&age=29&weight=92,80,0,39
1639640026604,84,Request 1.2,200,OK,Thread Group 1-4,text,true,,380,247,10,10,http://162.55.220.72:5005/user_info_2,84,0,39
1639640026606,88,Request 1.2,200,OK,Thread Group 1-1,text,true,,380,247,10,10,http://162.55.220.72:5005/user_info_2,88,0,39
1639640026605,89, Request 1.4,200,OK,Thread Group 1-6,text,true,,211,164,10,10,http://162.55.220.72:5005/object_info_1?name=Roman&age=29&weight=92,89,0,39
1639640026620,83, Request 1.7,200,OK,Thread Group 1-2,text,true,,200,165,10,10,http://162.55.220.72:5005/object_info_4?name=Roman&age=29&salary=400,83,0,40
1639640026630,82, Request 1.5,200,OK,Thread Group 1-3,text,true,,380,165,10,10,http://162.55.220.72:5005/object_info_2?name=Roman&age=29&salary=400,82,0,40
1639640026661,80, Request 1.7,200,OK,Thread Group 1-5,text,true,,200,165,10,10,http://162.55.220.72:5005/object_info_4?name=Roman&age=29&salary=400,80,0,39
1639640026667,82,Request 1.2,200,OK,Thread Group 1-7,text,true,,380,247,10,10,http://162.55.220.72:5005/user_info_2,82,0,40
1639640026670,81, Request 1.7,200,OK,Thread Group 1-8,text,true,,200,165,10,10,http://162.55.220.72:5005/object_info_4?name=Roman&age=29&salary=400,81,0,40
1639640026670,87,Request 1.2,200,OK,Thread Group 1-10,text,true,,380,247,10,10,http://162.55.220.72:5005/user_info_2,87,0,44
1639640026688,79, Request 1.3,200,OK,Thread Group 1-4,text,true,,261,247,10,10,http://162.55.220.72:5005/user_info_3,79,0,37
1639640026681,92, Request 1.5,200,OK,Thread Group 1-9,text,true,,380,165,10,10,http://162.55.220.72:5005/object_info_2?name=Roman&age=29&salary=400,92,0,44
1639640026694,83, Request 1.3,200,OK,Thread Group 1-1,text,true,,261,247,10,10,http://162.55.220.72:5005/user_info_3,83,0,39
1639640026694,84, Request 1.5,200,OK,Thread Group 1-6,text,true,,380,165,10,10,http://162.55.220.72:5005/object_info_2?name=Roman&age=29&salary=400,84,0,41
1639640026703,83,Request 1.1,200,OK,Thread Group 1-2,text,true,,161,151,10,10,http://162.55.220.72:5005/get_method?name=Roman&age=29,83,0,41
1639640026713,87, Request 1.6,200,OK,Thread Group 1-3,text,true,,331,165,10,10,http://162.55.220.72:5005/object_info_3?name=Roman&age=29&salary=400,87,0,44
1639640026741,88,Request 1.1,200,OK,Thread Group 1-5,text,true,,161,151,10,10,http://162.55.220.72:5005/get_method?name=Roman&age=29,88,0,45
1639640026751,82,Request 1.1,200,OK,Thread Group 1-8,text,true,,161,151,10,10,http://162.55.220.72:5005/get_method?name=Roman&age=29,82,0,37
1639640026758,77, Request 1.3,200,OK,Thread Group 1-10,text,true,,261,247,10,10,http://162.55.220.72:5005/user_info_3,77,0,36
1639640026749,87, Request 1.3,200,OK,Thread Group 1-7,text,true,,261,247,10,10,http://162.55.220.72:5005/user_info_3,87,0,40
1639640026773,77, Request 1.6,200,OK,Thread Group 1-9,text,true,,331,165,10,10,http://162.55.220.72:5005/object_info_3?name=Roman&age=29&salary=400,77,0,37
1639640026768,83, Request 1.4,200,OK,Thread Group 1-4,text,true,,211,164,10,10,http://162.55.220.72:5005/object_info_1?name=Roman&age=29&weight=92,83,0,40
1639640026777,75, Request 1.4,200,OK,Thread Group 1-1,text,true,,211,164,10,10,http://162.55.220.72:5005/object_info_1?name=Roman&age=29&weight=92,75,0,37
1639640026778,76, Request 1.6,200,OK,Thread Group 1-6,text,true,,331,165,10,10,http://162.55.220.72:5005/object_info_3?name=Roman&age=29&salary=400,76,0,37
1639640026786,81,Request 1.2,200,OK,Thread Group 1-2,text,true,,380,247,10,10,http://162.55.220.72:5005/user_info_2,81,0,39
1639640026800,82, Request 1.7,200,OK,Thread Group 1-3,text,true,,200,165,10,10,http://162.55.220.72:5005/object_info_4?name=Roman&age=29&salary=400,82,0,40
1639640026829,83,Request 1.2,200,OK,Thread Group 1-5,text,true,,380,247,10,10,http://162.55.220.72:5005/user_info_2,83,0,40
1639640026835,82, Request 1.4,200,OK,Thread Group 1-10,text,true,,211,164,10,10,http://162.55.220.72:5005/object_info_1?name=Roman&age=29&weight=92,82,0,37
1639640026836,81, Request 1.4,200,OK,Thread Group 1-7,text,true,,211,164,10,10,http://162.55.220.72:5005/object_info_1?name=Roman&age=29&weight=92,81,0,37
1639640026833,85,Request 1.2,200,OK,Thread Group 1-8,text,true,,380,247,10,10,http://162.55.220.72:5005/user_info_2,85,0,37
1639640026851,81, Request 1.7,200,OK,Thread Group 1-9,text,true,,200,165,10,10,http://162.55.220.72:5005/object_info_4?name=Roman&age=29&salary=400,81,0,39
1639640026851,87, Request 1.5,200,OK,Thread Group 1-4,text,true,,380,165,10,10,http://162.55.220.72:5005/object_info_2?name=Roman&age=29&salary=400,87,0,39
1639640026853,86, Request 1.5,200,OK,Thread Group 1-1,text,true,,380,165,10,10,http://162.55.220.72:5005/object_info_2?name=Roman&age=29&salary=400,86,0,39
1639640026854,86, Request 1.7,200,OK,Thread Group 1-6,text,true,,200,165,10,10,http://162.55.220.72:5005/object_info_4?name=Roman&age=29&salary=400,86,0,39
1639640026867,80, Request 1.3,200,OK,Thread Group 1-2,text,true,,261,247,10,10,http://162.55.220.72:5005/user_info_3,80,0,39
1639640026883,80,Request 1.1,200,OK,Thread Group 1-3,text,true,,161,151,10,10,http://162.55.220.72:5005/get_method?name=Roman&age=29,80,0,39
1639640026917,76, Request 1.5,200,OK,Thread Group 1-7,text,true,,380,165,10,10,http://162.55.220.72:5005/object_info_2?name=Roman&age=29&salary=400,76,0,37
1639640026912,83, Request 1.3,200,OK,Thread Group 1-5,text,true,,261,247,10,10,http://162.55.220.72:5005/user_info_3,83,0,40
1639640026917,82, Request 1.5,200,OK,Thread Group 1-10,text,true,,380,165,10,10,http://162.55.220.72:5005/object_info_2?name=Roman&age=29&salary=400,82,0,39
1639640026918,82, Request 1.3,200,OK,Thread Group 1-8,text,true,,261,247,10,10,http://162.55.220.72:5005/user_info_3,82,0,40
1639640026932,83,Request 1.1,200,OK,Thread Group 1-9,text,true,,161,151,10,10,http://162.55.220.72:5005/get_method?name=Roman&age=29,83,0,41
1639640026940,76, Request 1.6,200,OK,Thread Group 1-1,text,true,,331,165,10,10,http://162.55.220.72:5005/object_info_3?name=Roman&age=29&salary=400,76,0,36
1639640026940,79,Request 1.1,200,OK,Thread Group 1-6,text,true,,161,151,10,10,http://162.55.220.72:5005/get_method?name=Roman&age=29,79,0,37
1639640026938,84, Request 1.6,200,OK,Thread Group 1-4,text,true,,331,165,10,10,http://162.55.220.72:5005/object_info_3?name=Roman&age=29&salary=400,84,0,40
1639640026947,80, Request 1.4,200,OK,Thread Group 1-2,text,true,,211,164,10,10,http://162.55.220.72:5005/object_info_1?name=Roman&age=29&weight=92,80,0,39
1639640026963,81,Request 1.2,200,OK,Thread Group 1-3,text,true,,380,247,10,10,http://162.55.220.72:5005/user_info_2,81,0,39
1639640026995,80, Request 1.4,200,OK,Thread Group 1-5,text,true,,211,164,10,10,http://162.55.220.72:5005/object_info_1?name=Roman&age=29&weight=92,80,0,37
1639640026994,83, Request 1.6,200,OK,Thread Group 1-7,text,true,,331,165,10,10,http://162.55.220.72:5005/object_info_3?name=Roman&age=29&salary=400,83,0,40
1639640026999,80, Request 1.6,200,OK,Thread Group 1-10,text,true,,331,165,10,10,http://162.55.220.72:5005/object_info_3?name=Roman&age=29&salary=400,80,0,39
1639640027001,79, Request 1.4,200,OK,Thread Group 1-8,text,true,,211,164,10,10,http://162.55.220.72:5005/object_info_1?name=Roman&age=29&weight=92,79,0,38
1639640027015,76,Request 1.2,200,OK,Thread Group 1-9,text,true,,380,247,10,10,http://162.55.220.72:5005/user_info_2,76,0,37
1639640027019,76,Request 1.2,200,OK,Thread Group 1-6,text,true,,380,247,10,10,http://162.55.220.72:5005/user_info_2,76,0,37
1639640027022,84, Request 1.7,200,OK,Thread Group 1-4,text,true,,200,165,10,10,http://162.55.220.72:5005/object_info_4?name=Roman&age=29&salary=400,84,0,39
1639640027016,90, Request 1.7,200,OK,Thread Group 1-1,text,true,,200,165,10,10,http://162.55.220.72:5005/object_info_4?name=Roman&age=29&salary=400,90,0,41
1639640027027,80, Request 1.5,200,OK,Thread Group 1-2,text,true,,380,165,9,9,http://162.55.220.72:5005/object_info_2?name=Roman&age=29&salary=400,80,0,40
1639640027045,82, Request 1.3,200,OK,Thread Group 1-3,text,true,,261,247,9,9,http://162.55.220.72:5005/user_info_3,82,0,40
1639640027075,76, Request 1.5,200,OK,Thread Group 1-5,text,true,,380,165,9,9,http://162.55.220.72:5005/object_info_2?name=Roman&age=29&salary=400,76,0,37
1639640027079,77, Request 1.7,200,OK,Thread Group 1-10,text,true,,200,165,9,9,http://162.55.220.72:5005/object_info_4?name=Roman&age=29&salary=400,77,0,37
1639640027078,85, Request 1.7,200,OK,Thread Group 1-7,text,true,,200,165,9,9,http://162.55.220.72:5005/object_info_4?name=Roman&age=29&salary=400,85,0,39
1639640027081,83, Request 1.5,200,OK,Thread Group 1-8,text,true,,380,165,9,9,http://162.55.220.72:5005/object_info_2?name=Roman&age=29&salary=400,83,0,38
1639640027095,82, Request 1.3,200,OK,Thread Group 1-6,text,true,,261,247,9,9,http://162.55.220.72:5005/user_info_3,82,0,39
1639640027092,86, Request 1.3,200,OK,Thread Group 1-9,text,true,,261,247,9,9,http://162.55.220.72:5005/user_info_3,85,0,41
1639640027106,85,Request 1.1,200,OK,Thread Group 1-4,text,true,,161,151,9,9,http://162.55.220.72:5005/get_method?name=Roman&age=29,84,0,40
1639640027107,84, Request 1.6,200,OK,Thread Group 1-2,text,true,,331,165,9,9,http://162.55.220.72:5005/object_info_3?name=Roman&age=29&salary=400,84,0,41
1639640027128,83, Request 1.4,200,OK,Thread Group 1-3,text,true,,211,164,9,9,http://162.55.220.72:5005/object_info_1?name=Roman&age=29&weight=92,83,0,40
1639640027151,81, Request 1.6,200,OK,Thread Group 1-5,text,true,,331,165,9,9,http://162.55.220.72:5005/object_info_3?name=Roman&age=29&salary=400,81,0,39
1639640027156,76,Request 1.1,200,OK,Thread Group 1-10,text,true,,161,151,9,9,http://162.55.220.72:5005/get_method?name=Roman&age=29,76,0,37
1639640027164,83,Request 1.1,200,OK,Thread Group 1-7,text,true,,161,151,9,9,http://162.55.220.72:5005/get_method?name=Roman&age=29,83,0,39
1639640027164,83, Request 1.6,200,OK,Thread Group 1-8,text,true,,331,165,9,9,http://162.55.220.72:5005/object_info_3?name=Roman&age=29&salary=400,83,0,39
1639640027177,84, Request 1.4,200,OK,Thread Group 1-6,text,true,,211,164,9,9,http://162.55.220.72:5005/object_info_1?name=Roman&age=29&weight=92,84,0,40
1639640027178,86, Request 1.4,200,OK,Thread Group 1-9,text,true,,211,164,9,9,http://162.55.220.72:5005/object_info_1?name=Roman&age=29&weight=92,86,0,39
1639640027191,82,Request 1.2,200,OK,Thread Group 1-4,text,true,,380,247,9,9,http://162.55.220.72:5005/user_info_2,82,0,39
1639640027191,85, Request 1.7,200,OK,Thread Group 1-2,text,true,,200,165,9,9,http://162.55.220.72:5005/object_info_4?name=Roman&age=29&salary=400,85,0,40
1639640027211,96, Request 1.5,200,OK,Thread Group 1-3,text,true,,380,165,8,8,http://162.55.220.72:5005/object_info_2?name=Roman&age=29&salary=400,96,0,45
1639640027233,86,Request 1.2,200,OK,Thread Group 1-10,text,true,,380,247,8,8,http://162.55.220.72:5005/user_info_2,86,0,36
1639640027233,86, Request 1.7,200,OK,Thread Group 1-5,text,true,,200,165,8,8,http://162.55.220.72:5005/object_info_4?name=Roman&age=29&salary=400,86,0,39
1639640027247,90,Request 1.2,200,OK,Thread Group 1-7,text,true,,380,247,8,8,http://162.55.220.72:5005/user_info_2,90,0,41
1639640027247,90, Request 1.7,200,OK,Thread Group 1-8,text,true,,200,165,8,8,http://162.55.220.72:5005/object_info_4?name=Roman&age=29&salary=400,90,0,41
1639640027264,94, Request 1.5,200,OK,Thread Group 1-9,text,true,,380,165,8,8,http://162.55.220.72:5005/object_info_2?name=Roman&age=29&salary=400,94,0,43
1639640027262,96, Request 1.5,200,OK,Thread Group 1-6,text,true,,380,165,8,8,http://162.55.220.72:5005/object_info_2?name=Roman&age=29&salary=400,96,0,45
1639640027273,89, Request 1.3,200,OK,Thread Group 1-4,text,true,,261,247,8,8,http://162.55.220.72:5005/user_info_3,89,0,46
1639640027307,84, Request 1.6,200,OK,Thread Group 1-3,text,true,,331,165,8,8,http://162.55.220.72:5005/object_info_3?name=Roman&age=29&salary=400,84,0,41
1639640027319,79, Request 1.3,200,OK,Thread Group 1-10,text,true,,261,247,8,8,http://162.55.220.72:5005/user_info_3,79,0,39
1639640027319,85,Request 1.1,200,OK,Thread Group 1-5,text,true,,161,151,8,8,http://162.55.220.72:5005/get_method?name=Roman&age=29,85,0,39
1639640027338,89,Request 1.1,200,OK,Thread Group 1-8,text,true,,161,151,8,8,http://162.55.220.72:5005/get_method?name=Roman&age=29,89,0,38
1639640027338,89, Request 1.3,200,OK,Thread Group 1-7,text,true,,261,247,8,8,http://162.55.220.72:5005/user_info_3,89,0,39
1639640027358,95, Request 1.6,200,OK,Thread Group 1-9,text,true,,331,165,8,8,http://162.55.220.72:5005/object_info_3?name=Roman&age=29&salary=400,94,0,41
1639640027358,95, Request 1.6,200,OK,Thread Group 1-6,text,true,,331,165,8,8,http://162.55.220.72:5005/object_info_3?name=Roman&age=29&salary=400,94,0,39
1639640027362,91, Request 1.4,200,OK,Thread Group 1-4,text,true,,211,164,8,8,http://162.55.220.72:5005/object_info_1?name=Roman&age=29&weight=92,91,0,37
1639640027392,95, Request 1.7,200,OK,Thread Group 1-3,text,true,,200,165,8,8,http://162.55.220.72:5005/object_info_4?name=Roman&age=29&salary=400,95,0,46
1639640027399,88, Request 1.4,200,OK,Thread Group 1-10,text,true,,211,164,8,8,http://162.55.220.72:5005/object_info_1?name=Roman&age=29&weight=92,88,0,39
1639640027404,92,Request 1.2,200,OK,Thread Group 1-5,text,true,,380,247,7,7,http://162.55.220.72:5005/user_info_2,92,0,49
1639640027428,80, Request 1.4,200,OK,Thread Group 1-7,text,true,,211,164,7,7,http://162.55.220.72:5005/object_info_1?name=Roman&age=29&weight=92,80,0,39
1639640027428,86,Request 1.2,200,OK,Thread Group 1-8,text,true,,380,247,7,7,http://162.55.220.72:5005/user_info_2,86,0,40
1639640027454,76, Request 1.5,200,OK,Thread Group 1-4,text,true,,380,165,7,7,http://162.55.220.72:5005/object_info_2?name=Roman&age=29&salary=400,76,0,37
1639640027453,83, Request 1.7,200,OK,Thread Group 1-6,text,true,,200,165,7,7,http://162.55.220.72:5005/object_info_4?name=Roman&age=29&salary=400,83,0,40
1639640027453,84, Request 1.7,200,OK,Thread Group 1-9,text,true,,200,165,7,7,http://162.55.220.72:5005/object_info_4?name=Roman&age=29&salary=400,84,0,41
1639640027488,89, Request 1.5,200,OK,Thread Group 1-10,text,true,,380,165,7,7,http://162.55.220.72:5005/object_info_2?name=Roman&age=29&salary=400,89,0,39
1639640027496,81, Request 1.3,200,OK,Thread Group 1-5,text,true,,261,247,7,7,http://162.55.220.72:5005/user_info_3,81,0,37
1639640027508,82, Request 1.5,200,OK,Thread Group 1-7,text,true,,380,165,7,7,http://162.55.220.72:5005/object_info_2?name=Roman&age=29&salary=400,82,0,40
1639640027515,97, Request 1.3,200,OK,Thread Group 1-8,text,true,,261,247,7,7,http://162.55.220.72:5005/user_info_3,97,0,43
1639640027537,91,Request 1.1,200,OK,Thread Group 1-9,text,true,,161,151,7,7,http://162.55.220.72:5005/get_method?name=Roman&age=29,91,0,40
1639640027530,98, Request 1.6,200,OK,Thread Group 1-4,text,true,,331,165,7,7,http://162.55.220.72:5005/object_info_3?name=Roman&age=29&salary=400,98,0,47
1639640027536,96,Request 1.1,200,OK,Thread Group 1-6,text,true,,161,151,7,7,http://162.55.220.72:5005/get_method?name=Roman&age=29,96,0,41
1639640027578,79, Request 1.4,200,OK,Thread Group 1-5,text,true,,211,164,7,7,http://162.55.220.72:5005/object_info_1?name=Roman&age=29&weight=92,79,0,38
1639640027577,83, Request 1.6,200,OK,Thread Group 1-10,text,true,,331,165,7,7,http://162.55.220.72:5005/object_info_3?name=Roman&age=29&salary=400,82,0,41
1639640027590,82, Request 1.6,200,OK,Thread Group 1-7,text,true,,331,165,7,7,http://162.55.220.72:5005/object_info_3?name=Roman&age=29&salary=400,81,0,40
1639640027613,77, Request 1.4,200,OK,Thread Group 1-8,text,true,,211,164,7,7,http://162.55.220.72:5005/object_info_1?name=Roman&age=29&weight=92,77,0,36
1639640027628,82,Request 1.2,200,OK,Thread Group 1-9,text,true,,380,247,7,7,http://162.55.220.72:5005/user_info_2,82,0,39
1639640027628,87, Request 1.7,200,OK,Thread Group 1-4,text,true,,200,165,7,7,http://162.55.220.72:5005/object_info_4?name=Roman&age=29&salary=400,87,0,41
1639640027632,86,Request 1.2,200,OK,Thread Group 1-6,text,true,,380,247,6,6,http://162.55.220.72:5005/user_info_2,86,0,42
1639640027657,84, Request 1.5,200,OK,Thread Group 1-5,text,true,,380,165,6,6,http://162.55.220.72:5005/object_info_2?name=Roman&age=29&salary=400,84,0,40
1639640027660,81, Request 1.7,200,OK,Thread Group 1-10,text,true,,200,165,6,6,http://162.55.220.72:5005/object_info_4?name=Roman&age=29&salary=400,81,0,40
1639640027672,75, Request 1.7,200,OK,Thread Group 1-7,text,true,,200,165,6,6,http://162.55.220.72:5005/object_info_4?name=Roman&age=29&salary=400,75,0,37
1639640027690,82, Request 1.5,200,OK,Thread Group 1-8,text,true,,380,165,6,6,http://162.55.220.72:5005/object_info_2?name=Roman&age=29&salary=400,81,0,39
1639640027710,83, Request 1.3,200,OK,Thread Group 1-9,text,true,,261,247,6,6,http://162.55.220.72:5005/user_info_3,83,0,39
1639640027719,85, Request 1.3,200,OK,Thread Group 1-6,text,true,,261,247,6,6,http://162.55.220.72:5005/user_info_3,85,0,42
1639640027742,80,Request 1.1,200,OK,Thread Group 1-10,text,true,,161,151,6,6,http://162.55.220.72:5005/get_method?name=Roman&age=29,80,0,37
1639640027742,83, Request 1.6,200,OK,Thread Group 1-5,text,true,,331,165,6,6,http://162.55.220.72:5005/object_info_3?name=Roman&age=29&salary=400,83,0,40
1639640027747,81,Request 1.1,200,OK,Thread Group 1-7,text,true,,161,151,6,6,http://162.55.220.72:5005/get_method?name=Roman&age=29,81,0,39
1639640027772,80, Request 1.6,200,OK,Thread Group 1-8,text,true,,331,165,6,6,http://162.55.220.72:5005/object_info_3?name=Roman&age=29&salary=400,80,0,39
1639640027793,77, Request 1.4,200,OK,Thread Group 1-9,text,true,,211,164,6,6,http://162.55.220.72:5005/object_info_1?name=Roman&age=29&weight=92,77,0,37
1639640027804,82, Request 1.4,200,OK,Thread Group 1-6,text,true,,211,164,6,6,http://162.55.220.72:5005/object_info_1?name=Roman&age=29&weight=92,82,0,40
1639640027826,76, Request 1.7,200,OK,Thread Group 1-5,text,true,,200,165,6,6,http://162.55.220.72:5005/object_info_4?name=Roman&age=29&salary=400,76,0,37
1639640027822,82,Request 1.2,200,OK,Thread Group 1-10,text,true,,380,247,5,5,http://162.55.220.72:5005/user_info_2,82,0,39
1639640027828,85,Request 1.2,200,OK,Thread Group 1-7,text,true,,380,247,5,5,http://162.55.220.72:5005/user_info_2,85,0,40
1639640027852,76, Request 1.7,200,OK,Thread Group 1-8,text,true,,200,165,5,5,http://162.55.220.72:5005/object_info_4?name=Roman&age=29&salary=400,76,0,37
1639640027871,82, Request 1.5,200,OK,Thread Group 1-9,text,true,,380,165,5,5,http://162.55.220.72:5005/object_info_2?name=Roman&age=29&salary=400,82,0,42
1639640027887,82, Request 1.5,200,OK,Thread Group 1-6,text,true,,380,165,5,5,http://162.55.220.72:5005/object_info_2?name=Roman&age=29&salary=400,82,0,39
1639640027904,79, Request 1.3,200,OK,Thread Group 1-10,text,true,,261,247,5,5,http://162.55.220.72:5005/user_info_3,78,0,38
1639640027914,80, Request 1.3,200,OK,Thread Group 1-7,text,true,,261,247,5,5,http://162.55.220.72:5005/user_info_3,80,0,38
1639640027928,82,Request 1.1,200,OK,Thread Group 1-8,text,true,,161,151,5,5,http://162.55.220.72:5005/get_method?name=Roman&age=29,82,0,40
1639640027953,81, Request 1.6,200,OK,Thread Group 1-9,text,true,,331,165,5,5,http://162.55.220.72:5005/object_info_3?name=Roman&age=29&salary=400,80,0,39
1639640027970,81, Request 1.6,200,OK,Thread Group 1-6,text,true,,331,165,5,5,http://162.55.220.72:5005/object_info_3?name=Roman&age=29&salary=400,81,0,39
1639640027983,76, Request 1.4,200,OK,Thread Group 1-10,text,true,,211,164,5,5,http://162.55.220.72:5005/object_info_1?name=Roman&age=29&weight=92,76,0,37
1639640027995,81, Request 1.4,200,OK,Thread Group 1-7,text,true,,211,164,5,5,http://162.55.220.72:5005/object_info_1?name=Roman&age=29&weight=92,81,0,39
1639640028010,80,Request 1.2,200,OK,Thread Group 1-8,text,true,,380,247,5,5,http://162.55.220.72:5005/user_info_2,80,0,39
1639640028034,84, Request 1.7,200,OK,Thread Group 1-9,text,true,,200,165,5,5,http://162.55.220.72:5005/object_info_4?name=Roman&age=29&salary=400,84,0,40
1639640028051,81, Request 1.7,200,OK,Thread Group 1-6,text,true,,200,165,5,5,http://162.55.220.72:5005/object_info_4?name=Roman&age=29&salary=400,81,0,39
1639640028060,80, Request 1.5,200,OK,Thread Group 1-10,text,true,,380,165,4,4,http://162.55.220.72:5005/object_info_2?name=Roman&age=29&salary=400,80,0,38
1639640028076,82, Request 1.5,200,OK,Thread Group 1-7,text,true,,380,165,4,4,http://162.55.220.72:5005/object_info_2?name=Roman&age=29&salary=400,82,0,39
1639640028091,81, Request 1.3,200,OK,Thread Group 1-8,text,true,,261,247,4,4,http://162.55.220.72:5005/user_info_3,80,0,39
1639640028119,82,Request 1.1,200,OK,Thread Group 1-9,text,true,,161,151,4,4,http://162.55.220.72:5005/get_method?name=Roman&age=29,82,0,39
1639640028140,84, Request 1.6,200,OK,Thread Group 1-10,text,true,,331,165,4,4,http://162.55.220.72:5005/object_info_3?name=Roman&age=29&salary=400,84,0,40
1639640028158,77, Request 1.6,200,OK,Thread Group 1-7,text,true,,331,165,4,4,http://162.55.220.72:5005/object_info_3?name=Roman&age=29&salary=400,77,0,37
1639640028172,87, Request 1.4,200,OK,Thread Group 1-8,text,true,,211,164,4,4,http://162.55.220.72:5005/object_info_1?name=Roman&age=29&weight=92,87,0,40
1639640028201,77,Request 1.2,200,OK,Thread Group 1-9,text,true,,380,247,4,4,http://162.55.220.72:5005/user_info_2,77,0,38
1639640028224,83, Request 1.7,200,OK,Thread Group 1-10,text,true,,200,165,4,4,http://162.55.220.72:5005/object_info_4?name=Roman&age=29&salary=400,83,0,41
1639640028235,77, Request 1.7,200,OK,Thread Group 1-7,text,true,,200,165,4,4,http://162.55.220.72:5005/object_info_4?name=Roman&age=29&salary=400,77,0,37
1639640028266,82, Request 1.5,200,OK,Thread Group 1-8,text,true,,380,165,3,3,http://162.55.220.72:5005/object_info_2?name=Roman&age=29&salary=400,81,0,39
1639640028278,90, Request 1.3,200,OK,Thread Group 1-9,text,true,,261,247,3,3,http://162.55.220.72:5005/user_info_3,90,0,47
1639640028308,82,Request 1.1,200,OK,Thread Group 1-10,text,true,,161,151,3,3,http://162.55.220.72:5005/get_method?name=Roman&age=29,82,0,40
1639640028348,80, Request 1.6,200,OK,Thread Group 1-8,text,true,,331,165,3,3,http://162.55.220.72:5005/object_info_3?name=Roman&age=29&salary=400,80,0,39
1639640028369,81, Request 1.4,200,OK,Thread Group 1-9,text,true,,211,164,3,3,http://162.55.220.72:5005/object_info_1?name=Roman&age=29&weight=92,80,0,38
1639640028390,86,Request 1.2,200,OK,Thread Group 1-10,text,true,,380,247,3,3,http://162.55.220.72:5005/user_info_2,85,0,44
1639640028428,87, Request 1.7,200,OK,Thread Group 1-8,text,true,,200,165,3,3,http://162.55.220.72:5005/object_info_4?name=Roman&age=29&salary=400,87,0,44
1639640028450,78, Request 1.5,200,OK,Thread Group 1-9,text,true,,380,165,2,2,http://162.55.220.72:5005/object_info_2?name=Roman&age=29&salary=400,77,0,38
1639640028476,81, Request 1.3,200,OK,Thread Group 1-10,text,true,,261,247,2,2,http://162.55.220.72:5005/user_info_3,81,0,39
1639640028528,84, Request 1.6,200,OK,Thread Group 1-9,text,true,,331,165,2,2,http://162.55.220.72:5005/object_info_3?name=Roman&age=29&salary=400,84,0,41
1639640028558,81, Request 1.4,200,OK,Thread Group 1-10,text,true,,211,164,2,2,http://162.55.220.72:5005/object_info_1?name=Roman&age=29&weight=92,81,0,39
1639640028613,81, Request 1.7,200,OK,Thread Group 1-9,text,true,,200,165,2,2,http://162.55.220.72:5005/object_info_4?name=Roman&age=29&salary=400,81,0,39
1639640028639,81, Request 1.5,200,OK,Thread Group 1-10,text,true,,380,165,1,1,http://162.55.220.72:5005/object_info_2?name=Roman&age=29&salary=400,81,0,39
1639640028720,78, Request 1.6,200,OK,Thread Group 1-10,text,true,,331,165,1,1,http://162.55.220.72:5005/object_info_3?name=Roman&age=29&salary=400,78,0,38
1639640028799,88, Request 1.7,200,OK,Thread Group 1-10,text,true,,200,165,1,1,http://162.55.220.72:5005/object_info_4?name=Roman&age=29&salary=400,88,0,39
